-- phpMyAdmin SQL Dump
-- version 4.6.5.2
-- https://www.phpmyadmin.net/
--
-- Host: 127.0.0.1
-- Czas generowania: 15 Lip 2017, 19:04
-- Wersja serwera: 10.1.21-MariaDB
-- Wersja PHP: 7.1.1

--
-- pauluZ Export (config)
--
SET FOREIGN_KEY_CHECKS=0;
SET SQL_MODE = "NO_AUTO_VALUE_ON_ZERO";
SET AUTOCOMMIT = 0;
START TRANSACTION;
SET time_zone = "+00:00";


/*!40101 SET @OLD_CHARACTER_SET_CLIENT=@@CHARACTER_SET_CLIENT */;
/*!40101 SET @OLD_CHARACTER_SET_RESULTS=@@CHARACTER_SET_RESULTS */;
/*!40101 SET @OLD_COLLATION_CONNECTION=@@COLLATION_CONNECTION */;
/*!40101 SET NAMES utf8mb4 */;

--
-- Baza danych: `people_catalog`
--

--
-- Zrzut danych tabeli `cat_city`
--

INSERT INTO `cat_city` (`id`, `name`) VALUES
(1, 'Aleksandrów Kujawski'),
(2, 'Aleksandrów Łódzki'),
(3, 'Alwernia'),
(4, 'Andrychów'),
(5, 'Annopol'),
(6, 'Augustów'),
(7, 'Babimost'),
(8, 'Baborów'),
(9, 'Baranów Sandomierski'),
(10, 'Barcin'),
(11, 'Barczewo'),
(12, 'Bardo'),
(13, 'Barlinek'),
(14, 'Bartoszyce'),
(15, 'Barwice'),
(16, 'Bełchatów'),
(17, 'Bełżyce'),
(18, 'Biała Piska'),
(19, 'Biała Podlaska'),
(20, 'Biała Rawska'),
(21, 'Biała'),
(22, 'Białobrzegi'),
(23, 'Białogard'),
(24, 'Biały Bór'),
(25, 'Białystok'),
(26, 'Biecz'),
(27, 'Bielawa'),
(28, 'Bielsk Podlaski'),
(29, 'Bielsko-Biała'),
(30, 'Bierutów'),
(31, 'Bieruń'),
(32, 'Bieżuń'),
(33, 'Biskupiec'),
(34, 'Bisztynek'),
(35, 'Biłgoraj'),
(36, 'Blachownia'),
(37, 'Bobolice'),
(38, 'Bobowa'),
(39, 'Bochnia'),
(40, 'Bodzentyn'),
(41, 'Bogatynia'),
(42, 'Boguchwała'),
(43, 'Boguszów-Gorce'),
(44, 'Bojanowo'),
(45, 'Bolesławiec'),
(46, 'Bolków'),
(47, 'Borek Wielkopolski'),
(48, 'Borne Sulinowo'),
(49, 'Braniewo'),
(50, 'Brańsk'),
(51, 'Brodnica'),
(52, 'Brok'),
(53, 'Brusy'),
(54, 'Brwinów'),
(55, 'Brzeg Dolny'),
(56, 'Brzeg'),
(57, 'Brzesko'),
(58, 'Brzeszcze'),
(59, 'Brzeziny'),
(60, 'Brześć Kujawski'),
(61, 'Brzostek'),
(62, 'Brzozów'),
(63, 'Buk'),
(64, 'Bukowno'),
(65, 'Busko-Zdrój'),
(66, 'Bychawa'),
(67, 'Byczyna'),
(68, 'Bydgoszcz'),
(69, 'Bystrzyca Kłodzka'),
(70, 'Bytom Odrzański'),
(71, 'Bytom'),
(72, 'Bytów'),
(73, 'Będzin'),
(74, 'Błaszki'),
(75, 'Błażowa'),
(76, 'Błonie'),
(77, 'Cedynia'),
(78, 'Chełm'),
(79, 'Chełmek'),
(80, 'Chełmno'),
(81, 'Chełmża'),
(82, 'Chmielnik'),
(83, 'Chocianów'),
(84, 'Chociwel'),
(85, 'Chodecz'),
(86, 'Chodzież'),
(87, 'Chojna'),
(88, 'Chojnice'),
(89, 'Chojnów'),
(90, 'Choroszcz'),
(91, 'Chorzele'),
(92, 'Chorzów'),
(93, 'Choszczno'),
(94, 'Chrzanów'),
(95, 'Chęciny'),
(96, 'Ciechanowiec'),
(97, 'Ciechanów'),
(98, 'Ciechocinek'),
(99, 'Cieszanów'),
(100, 'Cieszyn'),
(101, 'Ciężkowice'),
(102, 'Cybinka'),
(103, 'Czaplinek'),
(104, 'Czarna Białostocka'),
(105, 'Czarna Woda'),
(106, 'Czarne'),
(107, 'Czarnków'),
(108, 'Czchów'),
(109, 'Czechowice-Dziedzice'),
(110, 'Czeladź'),
(111, 'Czempiń'),
(112, 'Czerniejewo'),
(113, 'Czersk'),
(114, 'Czerwieńsk'),
(115, 'Czerwionka-Leszczyny'),
(116, 'Częstochowa'),
(117, 'Człopa'),
(118, 'Człuchów'),
(119, 'Daleszyce'),
(120, 'Darłowo'),
(121, 'Debrzno'),
(122, 'Dobczyce'),
(123, 'Dobiegniew'),
(124, 'Dobra'),
(125, 'Dobre Miasto'),
(126, 'Dobrodzień'),
(127, 'Dobrzany'),
(128, 'Dobrzyń nad Wisłą'),
(129, 'Dolsk'),
(130, 'Drawno'),
(131, 'Drawsko Pomorskie'),
(132, 'Drezdenko'),
(133, 'Drobin'),
(134, 'Drohiczyn'),
(135, 'Drzewica'),
(136, 'Dukla'),
(137, 'Duszniki-Zdrój'),
(138, 'Dynów'),
(139, 'Działdowo'),
(140, 'Działoszyce'),
(141, 'Działoszyn'),
(142, 'Dzierzgoń'),
(143, 'Dzierżoniów'),
(144, 'Dziwnów'),
(145, 'Dąbie'),
(146, 'Dąbrowa Białostocka'),
(147, 'Dąbrowa Górnicza'),
(148, 'Dąbrowa Tarnowska'),
(149, 'Dębica'),
(150, 'Dęblin'),
(151, 'Dębno'),
(152, 'Elbląg'),
(153, 'Ełk'),
(154, 'Frampol'),
(155, 'Frombork'),
(156, 'Garwolin'),
(157, 'Gdańsk'),
(158, 'Gdynia'),
(159, 'Giżycko'),
(160, 'Glinojeck'),
(161, 'Gliwice'),
(162, 'Gniew'),
(163, 'Gniewkowo'),
(164, 'Gniezno'),
(165, 'Gogolin'),
(166, 'Golczewo'),
(167, 'Goleniów'),
(168, 'Golina'),
(169, 'Golub-Dobrzyń'),
(170, 'Goniądz'),
(171, 'Gorlice'),
(172, 'Gorzów Wielkopolski'),
(173, 'Gorzów Śląski'),
(174, 'Gostynin'),
(175, 'Gostyń'),
(176, 'Gozdnica'),
(177, 'Gołańcz'),
(178, 'Gołdap'),
(179, 'Grabów nad Prosną'),
(180, 'Grajewo'),
(181, 'Grodków'),
(182, 'Grodzisk Mazowiecki'),
(183, 'Grodzisk Wielkopolski'),
(184, 'Grudziądz'),
(185, 'Grybów'),
(186, 'Gryfice'),
(187, 'Gryfino'),
(188, 'Gryfów Śląski'),
(189, 'Grójec'),
(190, 'Gubin'),
(191, 'Góra Kalwaria'),
(192, 'Góra'),
(193, 'Górowo Iławeckie'),
(194, 'Górzno'),
(195, 'Gąbin'),
(196, 'Głogów Małopolski'),
(197, 'Głogów'),
(198, 'Głogówek'),
(199, 'Głowno'),
(200, 'Głubczyce'),
(201, 'Głuchołazy'),
(202, 'Głuszyca'),
(203, 'Hajnówka'),
(204, 'Halinów'),
(205, 'Hel'),
(206, 'Hrubieszów'),
(207, 'Imielin'),
(208, 'Inowrocław'),
(209, 'Iwonicz-Zdrój'),
(210, 'Izbica Kujawska'),
(211, 'Iława'),
(212, 'Iłowa'),
(213, 'Iłża'),
(214, 'Ińsko'),
(215, 'Jabłonowo Pomorskie'),
(216, 'Janikowo'),
(217, 'Janowiec Wielkopolski'),
(218, 'Janów Lubelski'),
(219, 'Jarocin'),
(220, 'Jarosław'),
(221, 'Jasień'),
(222, 'Jastarnia'),
(223, 'Jastrowie'),
(224, 'Jastrzębie-Zdrój'),
(225, 'Jasło'),
(226, 'Jawor'),
(227, 'Jaworzno'),
(228, 'Jaworzyna Śląska'),
(229, 'Jedlicze'),
(230, 'Jedlina-Zdrój'),
(231, 'Jedwabne'),
(232, 'Jelcz-Laskowice'),
(233, 'Jelenia Góra'),
(234, 'Jeziorany'),
(235, 'Jordanów'),
(236, 'Jutrosin'),
(237, 'Józefów'),
(238, 'Jędrzejów'),
(239, 'Kalety'),
(240, 'Kalisz Pomorski'),
(241, 'Kalisz'),
(242, 'Kalwaria Zebrzydowska'),
(243, 'Kamienna Góra'),
(244, 'Kamień Krajeński'),
(245, 'Kamień Pomorski'),
(246, 'Kamieńsk'),
(247, 'Karczew'),
(248, 'Kargowa'),
(249, 'Karlino'),
(250, 'Karpacz'),
(251, 'Kartuzy'),
(252, 'Katowice'),
(253, 'Kazimierz Dolny'),
(254, 'Kazimierza Wielka'),
(255, 'Kałuszyn'),
(256, 'Kańczuga'),
(257, 'Kcynia'),
(258, 'Kielce'),
(259, 'Kietrz'),
(260, 'Kisielice'),
(261, 'Kleczew'),
(262, 'Kleszczele'),
(263, 'Kluczbork'),
(264, 'Knurów'),
(265, 'Knyszyn'),
(266, 'Kobylin'),
(267, 'Kobyłka'),
(268, 'Kock'),
(269, 'Kolbuszowa'),
(270, 'Kolno'),
(271, 'Kolonowskie'),
(272, 'Koluszki'),
(273, 'Koniecpol'),
(274, 'Konin'),
(275, 'Konstancin-Jeziorna'),
(276, 'Konstantynów Łódzki'),
(277, 'Koprzywnica'),
(278, 'Korfantów'),
(279, 'Koronowo'),
(280, 'Korsze'),
(281, 'Kostrzyn nad Odrą'),
(282, 'Kostrzyn'),
(283, 'Koszalin'),
(284, 'Kosów Lacki'),
(285, 'Kowal'),
(286, 'Kowalewo Pomorskie'),
(287, 'Kowary'),
(288, 'Koziegłowy'),
(289, 'Kozienice'),
(290, 'Kołaczyce'),
(291, 'Koło'),
(292, 'Kołobrzeg'),
(293, 'Końskie'),
(294, 'Kościan'),
(295, 'Kościerzyna'),
(296, 'Koźmin Wielkopolski'),
(297, 'Kożuchów'),
(298, 'Krajenka'),
(299, 'Kraków'),
(300, 'Krapkowice'),
(301, 'Krasnobród'),
(302, 'Krasnystaw'),
(303, 'Kraśnik'),
(304, 'Krobia'),
(305, 'Krosno Odrzańskie'),
(306, 'Krosno'),
(307, 'Krotoszyn'),
(308, 'Krośniewice'),
(309, 'Kruszwica'),
(310, 'Krynica Morska'),
(311, 'Krynica-Zdrój'),
(312, 'Krynki'),
(313, 'Krzanowice'),
(314, 'Krzepice'),
(315, 'Krzeszowice'),
(316, 'Krzywiń'),
(317, 'Krzyż Wielkopolski'),
(318, 'Książ Wielkopolski'),
(319, 'Kudowa-Zdrój'),
(320, 'Kunów'),
(321, 'Kutno'),
(322, 'Kuźnia Raciborska'),
(323, 'Kwidzyn'),
(324, 'Kórnik'),
(325, 'Kąty Wrocławskie'),
(326, 'Kędzierzyn-Koźle'),
(327, 'Kępice'),
(328, 'Kępno'),
(329, 'Kętrzyn'),
(330, 'Kęty'),
(331, 'Kłecko'),
(332, 'Kłobuck'),
(333, 'Kłodawa'),
(334, 'Kłodzko'),
(335, 'Legionowo'),
(336, 'Legnica'),
(337, 'Lesko'),
(338, 'Leszno'),
(339, 'Lewin Brzeski'),
(340, 'Leśna'),
(341, 'Leśnica'),
(342, 'Leżajsk'),
(343, 'Libiąż'),
(344, 'Lidzbark Warmiński'),
(345, 'Lidzbark'),
(346, 'Limanowa'),
(347, 'Lipiany'),
(348, 'Lipno'),
(349, 'Lipsk'),
(350, 'Lipsko'),
(351, 'Lubaczów'),
(352, 'Lubartów'),
(353, 'Lubawa'),
(354, 'Lubawka'),
(355, 'Lubań'),
(356, 'Lubień Kujawski'),
(357, 'Lubin'),
(358, 'Lublin'),
(359, 'Lubliniec'),
(360, 'Lubniewice'),
(361, 'Lubomierz'),
(362, 'Luboń'),
(363, 'Lubraniec'),
(364, 'Lubsko'),
(365, 'Lwówek Śląski'),
(366, 'Lwówek'),
(367, 'Lądek-Zdrój'),
(368, 'Lębork'),
(369, 'Lędziny'),
(370, 'Maków Mazowiecki'),
(371, 'Maków Podhalański'),
(372, 'Malbork'),
(373, 'Margonin'),
(374, 'Marki'),
(375, 'Maszewo'),
(376, 'Małogoszcz'),
(377, 'Małomice'),
(378, 'Miasteczko Śląskie'),
(379, 'Miastko'),
(380, 'Michałowo'),
(381, 'Miechów'),
(382, 'Miejska Górka'),
(383, 'Mielec'),
(384, 'Mieroszów'),
(385, 'Mieszkowice'),
(386, 'Mikołajki'),
(387, 'Mikołów'),
(388, 'Mikstat'),
(389, 'Milanówek'),
(390, 'Milicz'),
(391, 'Mirosławiec'),
(392, 'Mirsk'),
(393, 'Międzybórz'),
(394, 'Międzychód'),
(395, 'Międzylesie'),
(396, 'Międzyrzec Podlaski'),
(397, 'Międzyrzecz'),
(398, 'Międzyzdroje'),
(399, 'Miłakowo'),
(400, 'Miłomłyn'),
(401, 'Miłosław'),
(402, 'Mińsk Mazowiecki'),
(403, 'Mogielnica'),
(404, 'Mogilno'),
(405, 'Mordy'),
(406, 'Moryń'),
(407, 'Morąg'),
(408, 'Mosina'),
(409, 'Mońki'),
(410, 'Mrocza'),
(411, 'Mrągowo'),
(412, 'Mszana Dolna'),
(413, 'Mszczonów'),
(414, 'Murowana Goślina'),
(415, 'Muszyna'),
(416, 'Myszków'),
(417, 'Myszyniec'),
(418, 'Mysłowice'),
(419, 'Myślenice'),
(420, 'Myślibórz'),
(421, 'Mława'),
(422, 'Młynary'),
(423, 'Nakło nad Notecią'),
(424, 'Namysłów'),
(425, 'Narol'),
(426, 'Nasielsk'),
(427, 'Nałęczów'),
(428, 'Nekla'),
(429, 'Nidzica'),
(430, 'Niemcza'),
(431, 'Niemodlin'),
(432, 'Niepołomice'),
(433, 'Nieszawa'),
(434, 'Nisko'),
(435, 'Nowa Dęba'),
(436, 'Nowa Ruda'),
(437, 'Nowa Sarzyna'),
(438, 'Nowa Sól'),
(439, 'Nowe Miasteczko'),
(440, 'Nowe Miasto Lubawskie'),
(441, 'Nowe Miasto nad Pilicą'),
(442, 'Nowe Skalmierzyce'),
(443, 'Nowe Warpno'),
(444, 'Nowe'),
(445, 'Nowogard'),
(446, 'Nowogrodziec'),
(447, 'Nowogród Bobrzański'),
(448, 'Nowogród'),
(449, 'Nowy Dwór Gdański'),
(450, 'Nowy Dwór Mazowiecki'),
(451, 'Nowy Staw'),
(452, 'Nowy Sącz'),
(453, 'Nowy Targ'),
(454, 'Nowy Tomyśl'),
(455, 'Nowy Wiśnicz'),
(456, 'Nysa'),
(457, 'Oborniki Śląskie'),
(458, 'Oborniki'),
(459, 'Obrzycko'),
(460, 'Odolanów'),
(461, 'Ogrodzieniec'),
(462, 'Okonek'),
(463, 'Olecko'),
(464, 'Olesno'),
(465, 'Oleszyce'),
(466, 'Oleśnica'),
(467, 'Olkusz'),
(468, 'Olsztyn'),
(469, 'Olsztynek'),
(470, 'Olszyna'),
(471, 'Opalenica'),
(472, 'Opatów'),
(473, 'Opoczno'),
(474, 'Opole Lubelskie'),
(475, 'Opole'),
(476, 'Orneta'),
(477, 'Orzesze'),
(478, 'Orzysz'),
(479, 'Osieczna'),
(480, 'Osiek'),
(481, 'Ostroróg'),
(482, 'Ostrowiec Świętokrzyski'),
(483, 'Ostrołęka'),
(484, 'Ostrzeszów'),
(485, 'Ostróda'),
(486, 'Ostrów Lubelski'),
(487, 'Ostrów Mazowiecka'),
(488, 'Ostrów Wielkopolski'),
(489, 'Otmuchów'),
(490, 'Otwock'),
(491, 'Ozimek'),
(492, 'Ozorków'),
(493, 'Oława'),
(494, 'Ośno Lubuskie'),
(495, 'Oświęcim'),
(496, 'Ożarów Mazowiecki'),
(497, 'Ożarów'),
(498, 'Pabianice'),
(499, 'Paczków'),
(500, 'Pajęczno'),
(501, 'Pakość'),
(502, 'Parczew'),
(503, 'Pasym'),
(504, 'Pasłęk'),
(505, 'Pelplin'),
(506, 'Pełczyce'),
(507, 'Piaseczno'),
(508, 'Piaski'),
(509, 'Piastów'),
(510, 'Piechowice'),
(511, 'Piekary Śląskie'),
(512, 'Pieniężno'),
(513, 'Pieszyce'),
(514, 'Pieńsk'),
(515, 'Pilawa'),
(516, 'Pilica'),
(517, 'Pilzno'),
(518, 'Pionki'),
(519, 'Piotrków Kujawski'),
(520, 'Piotrków Trybunalski'),
(521, 'Pisz'),
(522, 'Piwniczna-Zdrój'),
(523, 'Piła'),
(524, 'Piława Górna'),
(525, 'Pińczów'),
(526, 'Pleszew'),
(527, 'Pniewy'),
(528, 'Pobiedziska'),
(529, 'Poddębice'),
(530, 'Podkowa Leśna'),
(531, 'Pogorzela'),
(532, 'Polanica-Zdrój'),
(533, 'Polanów'),
(534, 'Police'),
(535, 'Polkowice'),
(536, 'Poniatowa'),
(537, 'Poniec'),
(538, 'Poręba'),
(539, 'Poznań'),
(540, 'Połaniec'),
(541, 'Połczyn-Zdrój'),
(542, 'Prabuty'),
(543, 'Praszka'),
(544, 'Prochowice'),
(545, 'Proszowice'),
(546, 'Prudnik'),
(547, 'Prusice'),
(548, 'Pruszcz Gdański'),
(549, 'Pruszków'),
(550, 'Przasnysz'),
(551, 'Przecław'),
(552, 'Przedbórz'),
(553, 'Przedecz'),
(554, 'Przemków'),
(555, 'Przemyśl'),
(556, 'Przeworsk'),
(557, 'Przysucha'),
(558, 'Prószków'),
(559, 'Pszczyna'),
(560, 'Pszów'),
(561, 'Puck'),
(562, 'Puszczykowo'),
(563, 'Puławy'),
(564, 'Pułtusk'),
(565, 'Pyrzyce'),
(566, 'Pyskowice'),
(567, 'Pyzdry'),
(568, 'Płock'),
(569, 'Płoty'),
(570, 'Płońsk'),
(571, 'Rabka-Zdrój'),
(572, 'Racibórz'),
(573, 'Raciąż'),
(574, 'Radków'),
(575, 'Radlin'),
(576, 'Radom'),
(577, 'Radomsko'),
(578, 'Radomyśl Wielki'),
(579, 'Radymno'),
(580, 'Radziejów'),
(581, 'Radzionków'),
(582, 'Radzymin'),
(583, 'Radzyń Chełmiński'),
(584, 'Radzyń Podlaski'),
(585, 'Radłów'),
(586, 'Rajgród'),
(587, 'Rakoniewice'),
(588, 'Raszków'),
(589, 'Rawa Mazowiecka'),
(590, 'Rawicz'),
(591, 'Recz'),
(592, 'Reda'),
(593, 'Rejowiec Fabryczny'),
(594, 'Resko'),
(595, 'Reszel'),
(596, 'Rogoźno'),
(597, 'Ropczyce'),
(598, 'Ruciane-Nida'),
(599, 'Ruda Śląska'),
(600, 'Rudnik nad Sanem'),
(601, 'Rumia'),
(602, 'Rybnik'),
(603, 'Rychwał'),
(604, 'Rydułtowy'),
(605, 'Rydzyna'),
(606, 'Ryglice'),
(607, 'Ryki'),
(608, 'Rymanów'),
(609, 'Ryn'),
(610, 'Rypin'),
(611, 'Rzepin'),
(612, 'Rzeszów'),
(613, 'Rzgów'),
(614, 'Różan'),
(615, 'Sandomierz'),
(616, 'Sanok'),
(617, 'Sejny'),
(618, 'Serock'),
(619, 'Sianów'),
(620, 'Siechnice'),
(621, 'Siedlce'),
(622, 'Siemianowice Śląskie'),
(623, 'Siemiatycze'),
(624, 'Sieniawa'),
(625, 'Sieradz'),
(626, 'Sieraków'),
(627, 'Sierpc'),
(628, 'Siewierz'),
(629, 'Skalbmierz'),
(630, 'Skarszewy'),
(631, 'Skaryszew'),
(632, 'Skarżysko-Kamienna'),
(633, 'Skawina'),
(634, 'Skała'),
(635, 'Skierniewice'),
(636, 'Skoczów'),
(637, 'Skoki'),
(638, 'Skwierzyna'),
(639, 'Skórcz'),
(640, 'Skępe'),
(641, 'Sobótka'),
(642, 'Sochaczew'),
(643, 'Sokołów Małopolski'),
(644, 'Sokołów Podlaski'),
(645, 'Sokółka'),
(646, 'Solec Kujawski'),
(647, 'Sompolno'),
(648, 'Sopot'),
(649, 'Sosnowiec'),
(650, 'Sośnicowice'),
(651, 'Stalowa Wola'),
(652, 'Starachowice'),
(653, 'Stargard Szczeciński'),
(654, 'Starogard Gdański'),
(655, 'Stary Sącz'),
(656, 'Staszów'),
(657, 'Stawiski'),
(658, 'Stawiszyn'),
(659, 'Stoczek Łukowski'),
(660, 'Stronie Śląskie'),
(661, 'Strumień'),
(662, 'Stryków'),
(663, 'Strzegom'),
(664, 'Strzelce Krajeńskie'),
(665, 'Strzelce Opolskie'),
(666, 'Strzelin'),
(667, 'Strzelno'),
(668, 'Strzyżów'),
(669, 'Stąporków'),
(670, 'Stęszew'),
(671, 'Sucha Beskidzka'),
(672, 'Suchań'),
(673, 'Suchedniów'),
(674, 'Suchowola'),
(675, 'Sulechów'),
(676, 'Sulejów'),
(677, 'Sulejówek'),
(678, 'Sulmierzyce'),
(679, 'Sulęcin'),
(680, 'Supraśl'),
(681, 'Suraż'),
(682, 'Susz'),
(683, 'Suwałki'),
(684, 'Sułkowice'),
(685, 'Swarzędz'),
(686, 'Syców'),
(687, 'Szadek'),
(688, 'Szamocin'),
(689, 'Szamotuły'),
(690, 'Szczawnica'),
(691, 'Szczawno-Zdrój'),
(692, 'Szczebrzeszyn'),
(693, 'Szczecin'),
(694, 'Szczecinek'),
(695, 'Szczekociny'),
(696, 'Szczucin'),
(697, 'Szczuczyn'),
(698, 'Szczyrk'),
(699, 'Szczytna'),
(700, 'Szczytno'),
(701, 'Szepietowo'),
(702, 'Szklarska Poręba'),
(703, 'Szlichtyngowa'),
(704, 'Szprotawa'),
(705, 'Sztum'),
(706, 'Szubin'),
(707, 'Szydłowiec'),
(708, 'Sędziszów Małopolski'),
(709, 'Sędziszów'),
(710, 'Sępopol'),
(711, 'Sępólno Krajeńskie'),
(712, 'Sława'),
(713, 'Sławków'),
(714, 'Sławno'),
(715, 'Słomniki'),
(716, 'Słubice'),
(717, 'Słupca'),
(718, 'Słupsk'),
(719, 'Tarczyn'),
(720, 'Tarnobrzeg'),
(721, 'Tarnogród'),
(722, 'Tarnowskie Góry'),
(723, 'Tarnów'),
(724, 'Tczew'),
(725, 'Terespol'),
(726, 'Tolkmicko'),
(727, 'Tomaszów Lubelski'),
(728, 'Tomaszów Mazowiecki'),
(729, 'Toruń'),
(730, 'Torzym'),
(731, 'Toszek'),
(732, 'Trzcianka'),
(733, 'Trzciel'),
(734, 'Trzcińsko-Zdrój'),
(735, 'Trzebiatów'),
(736, 'Trzebinia'),
(737, 'Trzebnica'),
(738, 'Trzemeszno'),
(739, 'Tuchola'),
(740, 'Tuchów'),
(741, 'Tuczno'),
(742, 'Tuliszków'),
(743, 'Turek'),
(744, 'Tuszyn'),
(745, 'Twardogóra'),
(746, 'Tychowo'),
(747, 'Tychy'),
(748, 'Tyczyn'),
(749, 'Tykocin'),
(750, 'Tyszowce'),
(751, 'Tłuszcz'),
(752, 'Ujazd'),
(753, 'Ujście'),
(754, 'Ulanów'),
(755, 'Uniejów'),
(756, 'Ustka'),
(757, 'Ustroń'),
(758, 'Ustrzyki Dolne'),
(759, 'Wadowice'),
(760, 'Warka'),
(761, 'Warszawa'),
(762, 'Warta'),
(763, 'Wasilków'),
(764, 'Wałbrzych'),
(765, 'Wałcz'),
(766, 'Wejherowo'),
(767, 'Wieleń'),
(768, 'Wielichowo'),
(769, 'Wieliczka'),
(770, 'Wieluń'),
(771, 'Wieruszów'),
(772, 'Wilamowice'),
(773, 'Wisła'),
(774, 'Witkowo'),
(775, 'Witnica'),
(776, 'Wiązów'),
(777, 'Więcbork'),
(778, 'Wleń'),
(779, 'Wodzisław Śląski'),
(780, 'Wojcieszów'),
(781, 'Wojkowice'),
(782, 'Wojnicz'),
(783, 'Wolbrom'),
(784, 'Wolin'),
(785, 'Wolsztyn'),
(786, 'Wołczyn'),
(787, 'Wołomin'),
(788, 'Wołów'),
(789, 'Woźniki'),
(790, 'Wrocław'),
(791, 'Wronki'),
(792, 'Września'),
(793, 'Wschowa'),
(794, 'Wyrzysk'),
(795, 'Wysoka'),
(796, 'Wysokie Mazowieckie'),
(797, 'Wyszków'),
(798, 'Wyszogród'),
(799, 'Wyśmierzyce'),
(800, 'Wąbrzeźno'),
(801, 'Wąchock'),
(802, 'Wągrowiec'),
(803, 'Wąsosz'),
(804, 'Węgliniec'),
(805, 'Węgorzewo'),
(806, 'Węgorzyno'),
(807, 'Węgrów'),
(808, 'Władysławowo'),
(809, 'Włocławek'),
(810, 'Włodawa'),
(811, 'Włoszczowa'),
(812, 'Zabrze'),
(813, 'Zabłudów'),
(814, 'Zagórz'),
(815, 'Zagórów'),
(816, 'Zakliczyn'),
(817, 'Zakopane'),
(818, 'Zakroczym'),
(819, 'Zalewo'),
(820, 'Zambrów'),
(821, 'Zamość'),
(822, 'Zator'),
(823, 'Zawadzkie'),
(824, 'Zawichost'),
(825, 'Zawidów'),
(826, 'Zawiercie'),
(827, 'Zbąszynek'),
(828, 'Zbąszyń'),
(829, 'Zduny'),
(830, 'Zduńska Wola'),
(831, 'Zdzieszowice'),
(832, 'Zelów'),
(833, 'Zgierz'),
(834, 'Zgorzelec'),
(835, 'Zielona Góra'),
(836, 'Zielonka'),
(837, 'Ziębice'),
(838, 'Zwierzyniec'),
(839, 'Zwoleń'),
(840, 'Ząbki'),
(841, 'Ząbkowice Śląskie'),
(842, 'Złocieniec'),
(843, 'Złoczew'),
(844, 'Złotoryja'),
(845, 'Złoty Stok'),
(846, 'Złotów'),
(847, 'Ćmielów'),
(848, 'Łabiszyn'),
(849, 'Łapy'),
(850, 'Łasin'),
(851, 'Łask'),
(852, 'Łaskarzew'),
(853, 'Łaszczów'),
(854, 'Łaziska Górne'),
(855, 'Łazy'),
(856, 'Łańcut'),
(857, 'Łeba'),
(858, 'Łobez'),
(859, 'Łobżenica'),
(860, 'Łochów'),
(861, 'Łomianki'),
(862, 'Łomża'),
(863, 'Łosice'),
(864, 'Łowicz'),
(865, 'Łuków'),
(866, 'Łódź'),
(867, 'Łęczna'),
(868, 'Łęczyca'),
(869, 'Łęknica'),
(870, 'Ścinawa'),
(871, 'Ślesin'),
(872, 'Śmigiel'),
(873, 'Śrem'),
(874, 'Środa Wielkopolska'),
(875, 'Środa Śląska'),
(876, 'Świdnica'),
(877, 'Świdnik'),
(878, 'Świdwin'),
(879, 'Świebodzice'),
(880, 'Świebodzin'),
(881, 'Świecie'),
(882, 'Świeradów-Zdrój'),
(883, 'Świerzawa'),
(884, 'Świnoujście'),
(885, 'Świątniki Górne'),
(886, 'Świętochłowice'),
(887, 'Żabno'),
(888, 'Żagań'),
(889, 'Żarki'),
(890, 'Żary'),
(891, 'Żarów'),
(892, 'Żelechów'),
(893, 'Żerków'),
(894, 'Żmigród'),
(895, 'Żnin'),
(896, 'Żory'),
(897, 'Żukowo'),
(898, 'Żuromin'),
(899, 'Żychlin'),
(900, 'Żyrardów'),
(901, 'Żywiec');

--
-- Zrzut danych tabeli `cat_company`
--

INSERT INTO `cat_company` (`id`, `name`) VALUES
(1, 'Google'),
(2, 'Amazon'),
(3, 'IBM');

--
-- Zrzut danych tabeli `cat_company_office`
--

INSERT INTO `cat_company_office` (`id`, `cat_company_id`, `name`) VALUES
(1, 1, 'Miami'),
(2, 1, 'Cleveland'),
(3, 1, 'Orlando'),
(4, 1, 'Fort Wayne'),
(5, 1, 'Dayton'),
(6, 1, 'Berkeley'),
(7, 2, 'San Diego'),
(8, 2, 'Seattle'),
(9, 2, 'Boston'),
(10, 3, 'Cambridge'),
(11, 3, 'New York'),
(12, 3, 'Los Angeles'),
(13, 3, 'San Francisco');

--
-- Zrzut danych tabeli `cat_person`
--

INSERT INTO `cat_person` (`id`, `cat_city_id`, `cat_company_office_id`, `firstname`, `lastname`, `birth`) VALUES
(1, 68, 3, 'Marek', 'Karkosik', '1979-06-11'),
(2, 729, 13, 'Joanna', 'Kwiatkowska', '1984-09-24'),
(3, 761, 7, 'Kuba', 'Wiśniewski', '1980-11-30');
SET FOREIGN_KEY_CHECKS=1;
COMMIT;

/*!40101 SET CHARACTER_SET_CLIENT=@OLD_CHARACTER_SET_CLIENT */;
/*!40101 SET CHARACTER_SET_RESULTS=@OLD_CHARACTER_SET_RESULTS */;
/*!40101 SET COLLATION_CONNECTION=@OLD_COLLATION_CONNECTION */;
